<?xml version="1.0" encoding="UTF-8"?>
<quiz identifier="i73ee4e73ae6dba7fe0be7f811fecdb85" xmlns="http://canvas.instructure.com/xsd/cccv1p0" xmlns:xsi="http://www.w3.org/2001/XMLSchema-instance" xsi:schemaLocation="http://canvas.instructure.com/xsd/cccv1p0 http://canvas.instructure.com/xsd/cccv1p0.xsd">
  <title>Week 9 Reading &amp; Lecture</title>
  <description>&lt;p&gt;&lt;strong&gt;Please Read:&lt;/strong&gt;&lt;span&gt; &lt;/span&gt;&lt;span&gt;Chapter 13 “Reduce Items and Attributes”&lt;/span&gt;&lt;/p&gt;
&lt;p&gt;&lt;span&gt;&lt;strong&gt;Please Read/Skim:&lt;/strong&gt; &lt;a href="http://vis.stanford.edu/files/2013-imMens-EuroVis.pdf"&gt;imMens: Real-time Visual Querying of Big Data&lt;/a&gt;&lt;/span&gt;&lt;/p&gt;
&lt;ul&gt;
&lt;li&gt;&lt;span&gt;This paper has great concepts about data reduction and how it interplays with visualization.&lt;/span&gt;&lt;/li&gt;
&lt;li&gt;&lt;span&gt;&lt;strong&gt;Please read in detail&lt;/strong&gt; Section 3. "Data Reduction Methods"&lt;/span&gt;&lt;/li&gt;
&lt;/ul&gt;
&lt;p&gt;&lt;span&gt;&lt;strong&gt;Please Read/Skim&lt;/strong&gt;: &lt;a href="https://graphics.stanford.edu/papers/pan_zoom/paper.pdf"&gt;Multiscale Visualization Using Data Cubes&lt;/a&gt;&lt;/span&gt;&lt;/p&gt;
&lt;ul&gt;
&lt;li&gt;
&lt;span&gt;This paper was hugely inspirational to me personally, as it clearly illuminates the concept of multidimensional aggregation in the form of "data cubes". Many data visualizations deal with aggregated multidimensional data, and the data cube concept sheds light on the full structure of possible ways to aggregate.&lt;/span&gt;
&lt;ul&gt;
&lt;li&gt;&lt;span&gt;Note: "data cubes" relates to the concept of "binned aggregation" discussed in the imMens paper.&lt;/span&gt;&lt;/li&gt;
&lt;/ul&gt;
&lt;/li&gt;
&lt;/ul&gt;
&lt;p&gt;&lt;span&gt;&lt;strong&gt;Please Watch: &lt;/strong&gt;&lt;a class="" href="https://youtu.be/jVC6SQS23ak?t=51m24s"&gt;Tamara Munzner Lecture from 51:24 - End &lt;/a&gt;(5 min) &lt;/span&gt;&lt;/p&gt;
&lt;p&gt;&lt;span&gt;Please Watch:&lt;/span&gt;&lt;/p&gt;
&lt;p&gt;&lt;a class="" href="https://www.youtube.com/watch?v=XVHyygdD1Kg&amp;amp;feature=youtu.be&amp;amp;a="&gt;&lt;span&gt;Visualizing the Universal Data Cube Introduction (first 11 minutes)&lt;/span&gt;&lt;/a&gt;&lt;/p&gt;</description>
  <due_at>2017-11-09T04:59:59</due_at>
  <shuffle_answers>false</shuffle_answers>
  <scoring_policy>keep_highest</scoring_policy>
  <hide_results></hide_results>
  <quiz_type>assignment</quiz_type>
  <points_possible>10.0</points_possible>
  <require_lockdown_browser>false</require_lockdown_browser>
  <require_lockdown_browser_for_results>false</require_lockdown_browser_for_results>
  <require_lockdown_browser_monitor>false</require_lockdown_browser_monitor>
  <lockdown_browser_monitor_data/>
  <show_correct_answers>true</show_correct_answers>
  <anonymous_submissions>false</anonymous_submissions>
  <could_be_locked>true</could_be_locked>
  <allowed_attempts>1</allowed_attempts>
  <one_question_at_a_time>false</one_question_at_a_time>
  <cant_go_back>false</cant_go_back>
  <available>true</available>
  <one_time_results>false</one_time_results>
  <show_correct_answers_last_attempt>false</show_correct_answers_last_attempt>
  <only_visible_to_overrides>false</only_visible_to_overrides>
  <module_locked>false</module_locked>
  <assignment identifier="id83b11ed6bb9095910c5519a6888e825">
    <title>Week 9 Reading &amp; Lecture</title>
    <due_at>2017-11-09T04:59:59</due_at>
    <lock_at/>
    <unlock_at/>
    <module_locked>false</module_locked>
    <all_day_date>2017-11-08</all_day_date>
    <peer_reviews_due_at>2017-11-09T04:59:59</peer_reviews_due_at>
    <workflow_state>published</workflow_state>
    <assignment_overrides>
    </assignment_overrides>
    <quiz_identifierref>i73ee4e73ae6dba7fe0be7f811fecdb85</quiz_identifierref>
    <has_group_category>false</has_group_category>
    <points_possible>10.0</points_possible>
    <grading_type>points</grading_type>
    <all_day>true</all_day>
    <submission_types>online_quiz</submission_types>
    <position>13</position>
    <turnitin_enabled>false</turnitin_enabled>
    <vericite_enabled>false</vericite_enabled>
    <peer_review_count>0</peer_review_count>
    <peer_reviews>false</peer_reviews>
    <automatic_peer_reviews>false</automatic_peer_reviews>
    <moderated_grading>false</moderated_grading>
    <anonymous_peer_reviews>false</anonymous_peer_reviews>
    <grade_group_students_individually>false</grade_group_students_individually>
    <freeze_on_copy>false</freeze_on_copy>
    <muted>false</muted>
    <omit_from_final_grade>false</omit_from_final_grade>
    <intra_group_peer_reviews>false</intra_group_peer_reviews>
    <only_visible_to_overrides>false</only_visible_to_overrides>
  </assignment>
  <assignment_group_identifierref>i600b7a2c8613498f9108119006af891a</assignment_group_identifierref>
  <assignment_overrides>
  </assignment_overrides>
</quiz>
