<?xml version="1.0" encoding="UTF-8"?>
<quiz identifier="ib139142091b34bdac04ed0da815f6601" xmlns="http://canvas.instructure.com/xsd/cccv1p0" xmlns:xsi="http://www.w3.org/2001/XMLSchema-instance" xsi:schemaLocation="http://canvas.instructure.com/xsd/cccv1p0 http://canvas.instructure.com/xsd/cccv1p0.xsd">
  <title>Week 8 Reading &amp; Lecture</title>
  <description>&lt;p&gt;&lt;strong&gt;Please Read:&lt;/strong&gt;&lt;span&gt; &lt;/span&gt;&lt;span&gt;Chapter 12 “Facet into Multiple Views”&lt;/span&gt;&lt;/p&gt;
&lt;p&gt;&lt;span&gt;&lt;strong&gt;Please Read/Skim:&lt;/strong&gt; &lt;a href="https://www.mat.ucsb.edu/g.legrady/academic/courses/11w259/schneiderman.pdf"&gt;The Eyes Have It: A Task by Data Type Taxonomy for Information by Ben Shneiderman&lt;/a&gt;&lt;/span&gt;&lt;/p&gt;
&lt;ul&gt;
&lt;li&gt;&lt;span&gt;This seminal paper introduced the mantra that has been widely adopted in the Information Visualization community "Overview first, zoom and filter, details on demand".&lt;/span&gt;&lt;/li&gt;
&lt;/ul&gt;
&lt;p&gt;&lt;span&gt;&lt;strong&gt;Please Watch: &lt;/strong&gt;&lt;a class="" href="https://youtu.be/jVC6SQS23ak?t=41m38s"&gt;Tamara Munzner Lecture from 41:38 -51:24&lt;/a&gt;(10 min) &lt;/span&gt;&lt;/p&gt;</description>
  <due_at>2017-11-02T03:59:00</due_at>
  <shuffle_answers>false</shuffle_answers>
  <scoring_policy>keep_highest</scoring_policy>
  <hide_results></hide_results>
  <quiz_type>assignment</quiz_type>
  <points_possible>10.0</points_possible>
  <require_lockdown_browser>false</require_lockdown_browser>
  <require_lockdown_browser_for_results>false</require_lockdown_browser_for_results>
  <require_lockdown_browser_monitor>false</require_lockdown_browser_monitor>
  <lockdown_browser_monitor_data/>
  <show_correct_answers>true</show_correct_answers>
  <anonymous_submissions>false</anonymous_submissions>
  <could_be_locked>true</could_be_locked>
  <allowed_attempts>1</allowed_attempts>
  <one_question_at_a_time>false</one_question_at_a_time>
  <cant_go_back>false</cant_go_back>
  <available>true</available>
  <one_time_results>false</one_time_results>
  <show_correct_answers_last_attempt>false</show_correct_answers_last_attempt>
  <only_visible_to_overrides>false</only_visible_to_overrides>
  <module_locked>false</module_locked>
  <assignment identifier="ib3457bd95cb95a20dd63d6ce6ed074be">
    <title>Week 8 Reading &amp; Lecture</title>
    <due_at>2017-11-02T03:59:00</due_at>
    <lock_at/>
    <unlock_at/>
    <module_locked>false</module_locked>
    <all_day_date>2017-11-01</all_day_date>
    <peer_reviews_due_at>2017-11-02T03:59:00</peer_reviews_due_at>
    <workflow_state>published</workflow_state>
    <assignment_overrides>
    </assignment_overrides>
    <quiz_identifierref>ib139142091b34bdac04ed0da815f6601</quiz_identifierref>
    <has_group_category>false</has_group_category>
    <points_possible>10.0</points_possible>
    <grading_type>points</grading_type>
    <all_day>true</all_day>
    <submission_types>online_quiz</submission_types>
    <position>12</position>
    <turnitin_enabled>false</turnitin_enabled>
    <vericite_enabled>false</vericite_enabled>
    <peer_review_count>0</peer_review_count>
    <peer_reviews>false</peer_reviews>
    <automatic_peer_reviews>false</automatic_peer_reviews>
    <moderated_grading>false</moderated_grading>
    <anonymous_peer_reviews>false</anonymous_peer_reviews>
    <grade_group_students_individually>false</grade_group_students_individually>
    <freeze_on_copy>false</freeze_on_copy>
    <muted>false</muted>
    <omit_from_final_grade>false</omit_from_final_grade>
    <intra_group_peer_reviews>false</intra_group_peer_reviews>
    <only_visible_to_overrides>false</only_visible_to_overrides>
  </assignment>
  <assignment_group_identifierref>i600b7a2c8613498f9108119006af891a</assignment_group_identifierref>
  <assignment_overrides>
  </assignment_overrides>
</quiz>
