<?xml version="1.0" encoding="UTF-8"?>
<quiz identifier="icc1bd76e202e865b245cbddfdba3a600" xmlns="http://canvas.instructure.com/xsd/cccv1p0" xmlns:xsi="http://www.w3.org/2001/XMLSchema-instance" xsi:schemaLocation="http://canvas.instructure.com/xsd/cccv1p0 http://canvas.instructure.com/xsd/cccv1p0.xsd">
  <title>Week 6 Reading &amp; Lecture</title>
  <description>&lt;p&gt;&lt;span&gt;&lt;strong&gt;Please Read: &lt;/strong&gt;Chapter 10 “Map Color and Other Channels”&lt;/span&gt;&lt;/p&gt;
&lt;ul&gt;
&lt;li&gt;&lt;span&gt;Excellent coverage of how color can be used effectively in data visualization.&lt;/span&gt;&lt;/li&gt;
&lt;/ul&gt;
&lt;p&gt;&lt;span&gt;&lt;strong&gt;Please Read/Skim&lt;/strong&gt;: &lt;a href="http://citeseerx.ist.psu.edu/viewdoc/download?doi=10.1.1.361.6082&amp;amp;rep=rep1&amp;amp;type=pdf"&gt;ColorBrewer.org: An Online Tool for Selecting Colour Schemes for Maps (pdf)&lt;/a&gt;&lt;/span&gt;&lt;/p&gt;
&lt;ul&gt;
&lt;li&gt;&lt;span&gt;Also try out &lt;a href="http://colorbrewer2.org"&gt;http://colorbrewer2.org&lt;/a&gt;, widely regarded as hands down the best color tool for visualization.&lt;/span&gt;&lt;/li&gt;
&lt;li&gt;
&lt;span&gt;See also &lt;a href="https://github.com/d3/d3-scale-chromatic"&gt;d3-scale-chromatic&lt;/a&gt;, the ColorBrewer colors packaged as a D3 plugin!&lt;/span&gt;&lt;span&gt;&lt;/span&gt;
&lt;/li&gt;
&lt;/ul&gt;
&lt;p&gt;&lt;span&gt;&lt;strong&gt;Please Read/Skim:&lt;/strong&gt; &lt;a href="http://www.perceptualedge.com/articles/visual_business_intelligence/rules_for_using_color.pdf"&gt;Practical Rules for Using Color in Charts by Stephen Few (pdf)&lt;/a&gt;&lt;/span&gt;&lt;/p&gt;
&lt;ul&gt;
&lt;li&gt;&lt;span&gt;This is really great, practical advice on how to use (and how not to use) color.&lt;/span&gt;&lt;/li&gt;
&lt;/ul&gt;
&lt;p&gt;&lt;span&gt;Please Watch:&lt;/span&gt;&lt;/p&gt;
&lt;ul&gt;
&lt;li&gt;
&lt;span&gt;&lt;a class="" href="https://youtu.be/hWAV2kkY1xk?t=42m49s"&gt;Visualizing Campaign Finances in the US - Cognitive Stability 42:49 - 45:30 (3 min)&lt;/a&gt;&lt;/span&gt;
&lt;ul&gt;
&lt;li&gt;&lt;span&gt;My own personal revelation on "Cognitive Stability" relating to color.&lt;/span&gt;&lt;/li&gt;
&lt;/ul&gt;
&lt;/li&gt;
&lt;li&gt;
&lt;a class="" href="https://www.youtube.com/watch?v=AiD6etOB6qI"&gt;&lt;span&gt;Being Clever with Color by Cole Nussbaumer (30 min)&lt;/span&gt;&lt;/a&gt;
&lt;ul&gt;
&lt;li&gt;&lt;span&gt;Really nice lecture on using color effectively in data visualization.&lt;/span&gt;&lt;/li&gt;
&lt;/ul&gt;
&lt;/li&gt;
&lt;/ul&gt;</description>
  <due_at>2017-10-19T03:59:59</due_at>
  <shuffle_answers>false</shuffle_answers>
  <scoring_policy>keep_highest</scoring_policy>
  <hide_results></hide_results>
  <quiz_type>assignment</quiz_type>
  <points_possible>10.0</points_possible>
  <require_lockdown_browser>false</require_lockdown_browser>
  <require_lockdown_browser_for_results>false</require_lockdown_browser_for_results>
  <require_lockdown_browser_monitor>false</require_lockdown_browser_monitor>
  <lockdown_browser_monitor_data/>
  <show_correct_answers>true</show_correct_answers>
  <anonymous_submissions>false</anonymous_submissions>
  <could_be_locked>true</could_be_locked>
  <allowed_attempts>1</allowed_attempts>
  <one_question_at_a_time>false</one_question_at_a_time>
  <cant_go_back>false</cant_go_back>
  <available>true</available>
  <one_time_results>false</one_time_results>
  <show_correct_answers_last_attempt>false</show_correct_answers_last_attempt>
  <only_visible_to_overrides>false</only_visible_to_overrides>
  <module_locked>false</module_locked>
  <assignment identifier="ie70d102a1ec16c4cfb33f63428d20f0c">
    <title>Week 6 Reading &amp; Lecture</title>
    <due_at>2017-10-19T03:59:59</due_at>
    <lock_at/>
    <unlock_at/>
    <module_locked>false</module_locked>
    <all_day_date>2017-10-18</all_day_date>
    <peer_reviews_due_at>2017-10-19T03:59:59</peer_reviews_due_at>
    <workflow_state>published</workflow_state>
    <assignment_overrides>
    </assignment_overrides>
    <quiz_identifierref>icc1bd76e202e865b245cbddfdba3a600</quiz_identifierref>
    <has_group_category>false</has_group_category>
    <points_possible>10.0</points_possible>
    <grading_type>points</grading_type>
    <all_day>true</all_day>
    <submission_types>online_quiz</submission_types>
    <position>7</position>
    <turnitin_enabled>false</turnitin_enabled>
    <vericite_enabled>false</vericite_enabled>
    <peer_review_count>0</peer_review_count>
    <peer_reviews>false</peer_reviews>
    <automatic_peer_reviews>false</automatic_peer_reviews>
    <moderated_grading>false</moderated_grading>
    <anonymous_peer_reviews>false</anonymous_peer_reviews>
    <grade_group_students_individually>false</grade_group_students_individually>
    <freeze_on_copy>false</freeze_on_copy>
    <muted>false</muted>
    <omit_from_final_grade>false</omit_from_final_grade>
    <intra_group_peer_reviews>false</intra_group_peer_reviews>
    <only_visible_to_overrides>false</only_visible_to_overrides>
  </assignment>
  <assignment_group_identifierref>i600b7a2c8613498f9108119006af891a</assignment_group_identifierref>
  <assignment_overrides>
  </assignment_overrides>
</quiz>
