<?xml version="1.0" encoding="UTF-8"?>
<quiz identifier="i4487a2b182920cfd2321dfefadfbd22c" xmlns="http://canvas.instructure.com/xsd/cccv1p0" xmlns:xsi="http://www.w3.org/2001/XMLSchema-instance" xsi:schemaLocation="http://canvas.instructure.com/xsd/cccv1p0 http://canvas.instructure.com/xsd/cccv1p0.xsd">
  <title>Week 1 Reading &amp; Lecture</title>
  <description>&lt;p&gt;&lt;strong&gt;Please read:&lt;/strong&gt; Chapter 1 of Visualization Analysis and Design “What’s Vis, and Why Do It?”.&lt;/p&gt;
&lt;p&gt;&lt;span&gt;&lt;strong&gt;Please watch:&lt;/strong&gt; this video of a lecture by Tamara Munzner, from the start until 7:33 (you can stop at 7 minutes, 33 seconds).&lt;br&gt;&lt;iframe src="https://www.youtube.com/embed/jVC6SQS23ak" width="560" height="315" allowfullscreen="allowfullscreen"&gt;&lt;/iframe&gt;&lt;br&gt;&lt;/span&gt;&lt;/p&gt;
&lt;p&gt;&lt;span&gt;&lt;span style="font-weight: 400;"&gt;&lt;strong&gt;Quiz:&lt;/strong&gt; After reading and watching the lecture video, please submit this online quiz.&lt;/span&gt;&lt;/span&gt;&lt;/p&gt;</description>
  <due_at>2017-09-14T03:59:59</due_at>
  <shuffle_answers>false</shuffle_answers>
  <scoring_policy>keep_highest</scoring_policy>
  <hide_results></hide_results>
  <quiz_type>assignment</quiz_type>
  <points_possible>10.0</points_possible>
  <require_lockdown_browser>false</require_lockdown_browser>
  <require_lockdown_browser_for_results>false</require_lockdown_browser_for_results>
  <require_lockdown_browser_monitor>false</require_lockdown_browser_monitor>
  <lockdown_browser_monitor_data/>
  <show_correct_answers>true</show_correct_answers>
  <anonymous_submissions>false</anonymous_submissions>
  <could_be_locked>true</could_be_locked>
  <allowed_attempts>1</allowed_attempts>
  <one_question_at_a_time>false</one_question_at_a_time>
  <cant_go_back>false</cant_go_back>
  <available>true</available>
  <one_time_results>false</one_time_results>
  <show_correct_answers_last_attempt>false</show_correct_answers_last_attempt>
  <only_visible_to_overrides>false</only_visible_to_overrides>
  <module_locked>false</module_locked>
  <assignment identifier="i0c902098543cd51715bec81ac995b150">
    <title>Week 1 Reading &amp; Lecture</title>
    <due_at>2017-09-14T03:59:59</due_at>
    <lock_at/>
    <unlock_at/>
    <module_locked>false</module_locked>
    <all_day_date>2017-09-13</all_day_date>
    <peer_reviews_due_at>2017-09-14T03:59:59</peer_reviews_due_at>
    <workflow_state>published</workflow_state>
    <assignment_overrides>
    </assignment_overrides>
    <quiz_identifierref>i4487a2b182920cfd2321dfefadfbd22c</quiz_identifierref>
    <has_group_category>false</has_group_category>
    <points_possible>10.0</points_possible>
    <grading_type>points</grading_type>
    <all_day>true</all_day>
    <submission_types>online_quiz</submission_types>
    <position>1</position>
    <turnitin_enabled>false</turnitin_enabled>
    <vericite_enabled>false</vericite_enabled>
    <peer_review_count>0</peer_review_count>
    <peer_reviews>false</peer_reviews>
    <automatic_peer_reviews>false</automatic_peer_reviews>
    <moderated_grading>false</moderated_grading>
    <anonymous_peer_reviews>false</anonymous_peer_reviews>
    <grade_group_students_individually>false</grade_group_students_individually>
    <freeze_on_copy>false</freeze_on_copy>
    <muted>false</muted>
    <omit_from_final_grade>false</omit_from_final_grade>
    <intra_group_peer_reviews>false</intra_group_peer_reviews>
    <only_visible_to_overrides>false</only_visible_to_overrides>
  </assignment>
  <assignment_group_identifierref>i600b7a2c8613498f9108119006af891a</assignment_group_identifierref>
  <assignment_overrides>
  </assignment_overrides>
</quiz>
