<?xml version="1.0" encoding="UTF-8"?>
<quiz identifier="icaa9d2bac5208beffd2433ab26ed5c89" xmlns="http://canvas.instructure.com/xsd/cccv1p0" xmlns:xsi="http://www.w3.org/2001/XMLSchema-instance" xsi:schemaLocation="http://canvas.instructure.com/xsd/cccv1p0 http://canvas.instructure.com/xsd/cccv1p0.xsd">
  <title>Week 4 Reading &amp; Lecture</title>
  <description>&lt;p&gt;&lt;strong&gt;Please Read&lt;/strong&gt;&lt;span&gt;: Chapter 6 “Rules of Thumb”&lt;/span&gt;&lt;/p&gt;
&lt;ul&gt;
&lt;li&gt;&lt;span&gt;Please pay special attention to 6.7 "Overview First, Zoom and Filter, Details on Demand", which is based on the seminal paper &lt;a href="https://www.mat.ucsb.edu/g.legrady/academic/courses/11w259/schneiderman.pdf"&gt;The Eyes Have It: A Task by Data Type Taxonomy for Information Visualizations by Ben Shneiderman&lt;/a&gt;&lt;/span&gt;&lt;/li&gt;
&lt;/ul&gt;
&lt;p&gt;&lt;span&gt;&lt;strong&gt;Please Read/Skim&lt;/strong&gt;: All articles in &lt;a href="http://www.datasketch.es/"&gt;Data Sketches&lt;/a&gt;&lt;/span&gt;&lt;/p&gt;
&lt;ul&gt;
&lt;li&gt;&lt;span&gt;Open each of these pages and skim through them quickly, paying special attention to the sketches and the process.&lt;/span&gt;&lt;/li&gt;
&lt;li&gt;&lt;span&gt;&lt;a href="http://www.datasketch.es/july/"&gt;http://www.datasketch.es/july/&lt;/a&gt;&lt;a href="http://www.datasketch.es/july/"&gt;&lt;/a&gt;&lt;/span&gt;&lt;/li&gt;
&lt;li&gt;&lt;span&gt;&lt;a href="http://www.datasketch.es/august/"&gt;http://www.datasketch.es/august/&lt;/a&gt;&lt;a href="http://www.datasketch.es/august/"&gt;&lt;/a&gt;&lt;/span&gt;&lt;/li&gt;
&lt;li&gt;&lt;span&gt;&lt;a href="http://www.datasketch.es/september/"&gt;http://www.datasketch.es/september/&lt;/a&gt;&lt;a href="http://www.datasketch.es/september/"&gt;&lt;/a&gt;&lt;/span&gt;&lt;/li&gt;
&lt;li&gt;&lt;span&gt;&lt;a href="http://www.datasketch.es/october/"&gt;http://www.datasketch.es/october/&lt;/a&gt;&lt;a href="http://www.datasketch.es/october/"&gt;&lt;/a&gt;&lt;/span&gt;&lt;/li&gt;
&lt;li&gt;&lt;span&gt;&lt;a href="http://www.datasketch.es/november/"&gt;http://www.datasketch.es/november/&lt;/a&gt;&lt;a href="http://www.datasketch.es/november/"&gt;&lt;/a&gt;&lt;/span&gt;&lt;/li&gt;
&lt;li&gt;&lt;span&gt;&lt;a href="http://www.datasketch.es/december/"&gt;http://www.datasketch.es/december/&lt;/a&gt;&lt;a href="http://www.datasketch.es/december/"&gt;&lt;/a&gt;&lt;/span&gt;&lt;/li&gt;
&lt;li&gt;&lt;a href="http://www.datasketch.es/january/"&gt;&lt;span&gt;http://www.datasketch.es/january/&lt;/span&gt;&lt;/a&gt;&lt;/li&gt;
&lt;/ul&gt;
&lt;p&gt;&lt;span&gt;&lt;strong&gt;Please Watch: &lt;a class="" href="https://youtu.be/ZgOF8R6YL2U?t=32m5s"&gt;Tamara Munzner Keynote from 32:05 to 45:26(13 min)&lt;/a&gt;&lt;/strong&gt;&lt;/span&gt;&lt;/p&gt;
&lt;p&gt;&lt;span&gt;&lt;strong&gt;Please Watch&lt;/strong&gt;: &lt;a class="" href="https://www.youtube.com/watch?v=4EOG7KwFspk"&gt;Data Sketch|es: A Visualization A Month - Shirley Wu and Nadieh Bremer (30 min)&lt;/a&gt;&lt;/span&gt;&lt;/p&gt;
&lt;ul&gt;
&lt;li&gt;&lt;span&gt;This awesome talk touches upon the &lt;em&gt;process&lt;/em&gt; of building interactive visualizations, based on a flow from data to sketches to code.&lt;/span&gt;&lt;/li&gt;
&lt;li&gt;&lt;span&gt;Please watch this before doing your project proposal sketch.&lt;/span&gt;&lt;/li&gt;
&lt;/ul&gt;</description>
  <due_at>2017-10-05T03:59:59</due_at>
  <shuffle_answers>false</shuffle_answers>
  <scoring_policy>keep_highest</scoring_policy>
  <hide_results></hide_results>
  <quiz_type>assignment</quiz_type>
  <points_possible>10.0</points_possible>
  <require_lockdown_browser>false</require_lockdown_browser>
  <require_lockdown_browser_for_results>false</require_lockdown_browser_for_results>
  <require_lockdown_browser_monitor>false</require_lockdown_browser_monitor>
  <lockdown_browser_monitor_data/>
  <show_correct_answers>true</show_correct_answers>
  <anonymous_submissions>false</anonymous_submissions>
  <could_be_locked>true</could_be_locked>
  <allowed_attempts>1</allowed_attempts>
  <one_question_at_a_time>false</one_question_at_a_time>
  <cant_go_back>false</cant_go_back>
  <available>true</available>
  <one_time_results>false</one_time_results>
  <show_correct_answers_last_attempt>false</show_correct_answers_last_attempt>
  <only_visible_to_overrides>false</only_visible_to_overrides>
  <module_locked>false</module_locked>
  <assignment identifier="icd92f2e5257221a8172101f088b7cbda">
    <title>Week 4 Reading &amp; Lecture</title>
    <due_at>2017-10-05T03:59:59</due_at>
    <lock_at/>
    <unlock_at/>
    <module_locked>false</module_locked>
    <all_day_date>2017-10-04</all_day_date>
    <peer_reviews_due_at>2017-10-05T03:59:59</peer_reviews_due_at>
    <workflow_state>published</workflow_state>
    <assignment_overrides>
    </assignment_overrides>
    <quiz_identifierref>icaa9d2bac5208beffd2433ab26ed5c89</quiz_identifierref>
    <has_group_category>false</has_group_category>
    <points_possible>10.0</points_possible>
    <grading_type>points</grading_type>
    <all_day>true</all_day>
    <submission_types>online_quiz</submission_types>
    <position>4</position>
    <turnitin_enabled>false</turnitin_enabled>
    <vericite_enabled>false</vericite_enabled>
    <peer_review_count>0</peer_review_count>
    <peer_reviews>false</peer_reviews>
    <automatic_peer_reviews>false</automatic_peer_reviews>
    <moderated_grading>false</moderated_grading>
    <anonymous_peer_reviews>false</anonymous_peer_reviews>
    <grade_group_students_individually>false</grade_group_students_individually>
    <freeze_on_copy>false</freeze_on_copy>
    <muted>false</muted>
    <omit_from_final_grade>false</omit_from_final_grade>
    <intra_group_peer_reviews>false</intra_group_peer_reviews>
    <only_visible_to_overrides>false</only_visible_to_overrides>
  </assignment>
  <assignment_group_identifierref>i600b7a2c8613498f9108119006af891a</assignment_group_identifierref>
  <assignment_overrides>
  </assignment_overrides>
</quiz>
