<?xml version="1.0" encoding="UTF-8"?>
<questestinterop xmlns="http://www.imsglobal.org/xsd/ims_qtiasiv1p2" xmlns:xsi="http://www.w3.org/2001/XMLSchema-instance" xsi:schemaLocation="http://www.imsglobal.org/xsd/ims_qtiasiv1p2 http://www.imsglobal.org/xsd/ims_qtiasiv1p2p1.xsd">
  <assessment ident="i3d406c8dd56126d81119046c5d8d4add" title="Week 2 Reading &amp; Lecture">
    <qtimetadata>
      <qtimetadatafield>
        <fieldlabel>cc_maxattempts</fieldlabel>
        <fieldentry>1</fieldentry>
      </qtimetadatafield>
    </qtimetadata>
    <section ident="root_section">
      <item ident="ia783cb1e5c01f71675f84007ec27f4b4" title="Question">
        <itemmetadata>
          <qtimetadata>
            <qtimetadatafield>
              <fieldlabel>question_type</fieldlabel>
              <fieldentry>multiple_choice_question</fieldentry>
            </qtimetadatafield>
            <qtimetadatafield>
              <fieldlabel>points_possible</fieldlabel>
              <fieldentry>2.0</fieldentry>
            </qtimetadatafield>
            <qtimetadatafield>
              <fieldlabel>assessment_question_identifierref</fieldlabel>
              <fieldentry>i45734c0067b0115acf2fd6f9128b0e97</fieldentry>
            </qtimetadatafield>
          </qtimetadata>
        </itemmetadata>
        <presentation>
          <material>
            <mattext texttype="text/html">&lt;div&gt;
&lt;p&gt;An attribute (column) in a data table contains the following values:&lt;/p&gt;
&lt;ul&gt;
&lt;li&gt;4.5&lt;/li&gt;
&lt;li&gt;6.2&lt;/li&gt;
&lt;li&gt;9.8&lt;/li&gt;
&lt;/ul&gt;
&lt;p&gt;What type of attribute is this?&lt;/p&gt;
&lt;/div&gt;</mattext>
          </material>
          <response_lid ident="response1" rcardinality="Single">
            <render_choice>
              <response_label ident="3590">
                <material>
                  <mattext texttype="text/plain">Quantitative</mattext>
                </material>
              </response_label>
              <response_label ident="1660">
                <material>
                  <mattext texttype="text/plain">Ordinal</mattext>
                </material>
              </response_label>
              <response_label ident="2517">
                <material>
                  <mattext texttype="text/plain">Categorical</mattext>
                </material>
              </response_label>
            </render_choice>
          </response_lid>
        </presentation>
        <resprocessing>
          <outcomes>
            <decvar maxvalue="100" minvalue="0" varname="SCORE" vartype="Decimal"/>
          </outcomes>
          <respcondition continue="No">
            <conditionvar>
              <varequal respident="response1">3590</varequal>
            </conditionvar>
            <setvar action="Set" varname="SCORE">100</setvar>
          </respcondition>
        </resprocessing>
      </item>
      <item ident="i01d5b3fb693ff2e08545e10a07b11e62" title="Question">
        <itemmetadata>
          <qtimetadata>
            <qtimetadatafield>
              <fieldlabel>question_type</fieldlabel>
              <fieldentry>multiple_choice_question</fieldentry>
            </qtimetadatafield>
            <qtimetadatafield>
              <fieldlabel>points_possible</fieldlabel>
              <fieldentry>2.0</fieldentry>
            </qtimetadatafield>
            <qtimetadatafield>
              <fieldlabel>assessment_question_identifierref</fieldlabel>
              <fieldentry>i2e744c2ff203fd201e6957e55abb9353</fieldentry>
            </qtimetadatafield>
          </qtimetadata>
        </itemmetadata>
        <presentation>
          <material>
            <mattext texttype="text/html">&lt;div&gt;
&lt;p&gt;An attribute (column) in a data table contains the following values:&lt;/p&gt;
&lt;ul&gt;
&lt;li&gt;Really Cold&lt;/li&gt;
&lt;li&gt;Cold&lt;/li&gt;
&lt;li&gt;Room Temperature&lt;/li&gt;
&lt;li&gt;Hot&lt;/li&gt;
&lt;li&gt;Really Hot&lt;/li&gt;
&lt;/ul&gt;
&lt;p&gt;What type of attribute is this?&lt;/p&gt;
&lt;/div&gt;</mattext>
          </material>
          <response_lid ident="response1" rcardinality="Single">
            <render_choice>
              <response_label ident="6999">
                <material>
                  <mattext texttype="text/plain">Ordinal</mattext>
                </material>
              </response_label>
              <response_label ident="105">
                <material>
                  <mattext texttype="text/plain">Quantitative</mattext>
                </material>
              </response_label>
              <response_label ident="3006">
                <material>
                  <mattext texttype="text/plain">Categorical</mattext>
                </material>
              </response_label>
            </render_choice>
          </response_lid>
        </presentation>
        <resprocessing>
          <outcomes>
            <decvar maxvalue="100" minvalue="0" varname="SCORE" vartype="Decimal"/>
          </outcomes>
          <respcondition continue="No">
            <conditionvar>
              <varequal respident="response1">6999</varequal>
            </conditionvar>
            <setvar action="Set" varname="SCORE">100</setvar>
          </respcondition>
        </resprocessing>
      </item>
      <item ident="i17536e5b6acd6d2ebfb3794a6f764362" title="Question">
        <itemmetadata>
          <qtimetadata>
            <qtimetadatafield>
              <fieldlabel>question_type</fieldlabel>
              <fieldentry>multiple_choice_question</fieldentry>
            </qtimetadatafield>
            <qtimetadatafield>
              <fieldlabel>points_possible</fieldlabel>
              <fieldentry>2.0</fieldentry>
            </qtimetadatafield>
            <qtimetadatafield>
              <fieldlabel>assessment_question_identifierref</fieldlabel>
              <fieldentry>i2c12d75403e0f3d9bdd53d9f0076a06a</fieldentry>
            </qtimetadatafield>
          </qtimetadata>
        </itemmetadata>
        <presentation>
          <material>
            <mattext texttype="text/html">&lt;div&gt;
&lt;p&gt;An attribute (column) in a data table contains the following values:&lt;/p&gt;
&lt;ul&gt;
&lt;li&gt;January 7, 2015&lt;/li&gt;
&lt;li&gt;November 13, 2015&lt;/li&gt;
&lt;li&gt;March 22, 2016&lt;/li&gt;
&lt;li&gt;July 14, 2016&lt;/li&gt;
&lt;/ul&gt;
&lt;p&gt;What type of attribute is this?&lt;/p&gt;
&lt;/div&gt;</mattext>
          </material>
          <response_lid ident="response1" rcardinality="Single">
            <render_choice>
              <response_label ident="1276">
                <material>
                  <mattext texttype="text/plain">Quantitative</mattext>
                </material>
              </response_label>
              <response_label ident="32">
                <material>
                  <mattext texttype="text/plain">Ordinal</mattext>
                </material>
              </response_label>
              <response_label ident="3150">
                <material>
                  <mattext texttype="text/plain">Categorical</mattext>
                </material>
              </response_label>
            </render_choice>
          </response_lid>
        </presentation>
        <resprocessing>
          <outcomes>
            <decvar maxvalue="100" minvalue="0" varname="SCORE" vartype="Decimal"/>
          </outcomes>
          <respcondition continue="No">
            <conditionvar>
              <varequal respident="response1">1276</varequal>
            </conditionvar>
            <setvar action="Set" varname="SCORE">100</setvar>
          </respcondition>
        </resprocessing>
      </item>
      <item ident="i76f05f083e34e11aee0b640845601e5d" title="Question">
        <itemmetadata>
          <qtimetadata>
            <qtimetadatafield>
              <fieldlabel>question_type</fieldlabel>
              <fieldentry>multiple_choice_question</fieldentry>
            </qtimetadatafield>
            <qtimetadatafield>
              <fieldlabel>points_possible</fieldlabel>
              <fieldentry>2.0</fieldentry>
            </qtimetadatafield>
            <qtimetadatafield>
              <fieldlabel>assessment_question_identifierref</fieldlabel>
              <fieldentry>i39da02a3c6cfcb27c2266f57237af6d2</fieldentry>
            </qtimetadatafield>
          </qtimetadata>
        </itemmetadata>
        <presentation>
          <material>
            <mattext texttype="text/html">&lt;div&gt;
&lt;p&gt;An attribute (column) in a data table contains the following values:&lt;/p&gt;
&lt;ul&gt;
&lt;li&gt;Tokyo&lt;/li&gt;
&lt;li&gt;Jakarta&lt;/li&gt;
&lt;li&gt;Seoul&lt;/li&gt;
&lt;li&gt;Karachi&lt;/li&gt;
&lt;li&gt;Shanghai&lt;/li&gt;
&lt;li&gt;Manila&lt;/li&gt;
&lt;/ul&gt;
&lt;p&gt;What type of attribute is this?&lt;/p&gt;
&lt;/div&gt;</mattext>
          </material>
          <response_lid ident="response1" rcardinality="Single">
            <render_choice>
              <response_label ident="369">
                <material>
                  <mattext texttype="text/plain">Categorical</mattext>
                </material>
              </response_label>
              <response_label ident="6272">
                <material>
                  <mattext texttype="text/plain">Ordinal</mattext>
                </material>
              </response_label>
              <response_label ident="9046">
                <material>
                  <mattext texttype="text/plain">Quantitative</mattext>
                </material>
              </response_label>
            </render_choice>
          </response_lid>
        </presentation>
        <resprocessing>
          <outcomes>
            <decvar maxvalue="100" minvalue="0" varname="SCORE" vartype="Decimal"/>
          </outcomes>
          <respcondition continue="No">
            <conditionvar>
              <varequal respident="response1">369</varequal>
            </conditionvar>
            <setvar action="Set" varname="SCORE">100</setvar>
          </respcondition>
        </resprocessing>
      </item>
      <item ident="if086ed5945728893288a414ea57a27ae" title="Question">
        <itemmetadata>
          <qtimetadata>
            <qtimetadatafield>
              <fieldlabel>question_type</fieldlabel>
              <fieldentry>multiple_choice_question</fieldentry>
            </qtimetadatafield>
            <qtimetadatafield>
              <fieldlabel>points_possible</fieldlabel>
              <fieldentry>2.0</fieldentry>
            </qtimetadatafield>
            <qtimetadatafield>
              <fieldlabel>assessment_question_identifierref</fieldlabel>
              <fieldentry>i94557e1bc4bb480ae053f5f1c12a0b2d</fieldentry>
            </qtimetadatafield>
          </qtimetadata>
        </itemmetadata>
        <presentation>
          <material>
            <mattext texttype="text/html">&lt;div&gt;&lt;p&gt;According to Hans Rosling, all the countries in the World are getting...&lt;/p&gt;&lt;/div&gt;</mattext>
          </material>
          <response_lid ident="response1" rcardinality="Single">
            <render_choice>
              <response_label ident="7166">
                <material>
                  <mattext texttype="text/plain">Healthier and wealthier</mattext>
                </material>
              </response_label>
              <response_label ident="1028">
                <material>
                  <mattext texttype="text/plain">Less healthy and less wealthy</mattext>
                </material>
              </response_label>
              <response_label ident="4745">
                <material>
                  <mattext texttype="text/plain">Healthier and less wealthy</mattext>
                </material>
              </response_label>
              <response_label ident="4434">
                <material>
                  <mattext texttype="text/plain">Less healthy and wealthier</mattext>
                </material>
              </response_label>
            </render_choice>
          </response_lid>
        </presentation>
        <resprocessing>
          <outcomes>
            <decvar maxvalue="100" minvalue="0" varname="SCORE" vartype="Decimal"/>
          </outcomes>
          <respcondition continue="No">
            <conditionvar>
              <varequal respident="response1">7166</varequal>
            </conditionvar>
            <setvar action="Set" varname="SCORE">100</setvar>
          </respcondition>
        </resprocessing>
      </item>
    </section>
  </assessment>
</questestinterop>
