<?xml version="1.0" encoding="UTF-8"?>
<manifest identifier="idd644a01791e53bb10c6af4451b63393" xmlns="http://www.imsglobal.org/xsd/imsccv1p1/imscp_v1p1" xmlns:lom="http://ltsc.ieee.org/xsd/imsccv1p1/LOM/resource" xmlns:imsmd="http://www.imsglobal.org/xsd/imsmd_v1p2" xmlns:xsi="http://www.w3.org/2001/XMLSchema-instance" xsi:schemaLocation="http://www.imsglobal.org/xsd/imsccv1p1/imscp_v1p1 http://www.imsglobal.org/xsd/imscp_v1p1.xsd http://ltsc.ieee.org/xsd/imsccv1p1/LOM/resource http://www.imsglobal.org/profile/cc/ccv1p1/LOM/ccv1p1_lomresource_v1p0.xsd http://www.imsglobal.org/xsd/imsmd_v1p2 http://www.imsglobal.org/xsd/imsmd_v1p2p2.xsd">
  <metadata>
    <schema>IMS Content</schema>
    <schemaversion>1.1.3</schemaversion>
    <imsmd:lom>
      <imsmd:general>
        <imsmd:title>
          <imsmd:string>QTI Quiz Export for course "Data Visualization"</imsmd:string>
        </imsmd:title>
      </imsmd:general>
      <imsmd:lifeCycle>
        <imsmd:contribute>
          <imsmd:date>
            <imsmd:dateTime>2017-11-22</imsmd:dateTime>
          </imsmd:date>
        </imsmd:contribute>
      </imsmd:lifeCycle>
      <imsmd:rights>
        <imsmd:copyrightAndOtherRestrictions>
          <imsmd:value>yes</imsmd:value>
        </imsmd:copyrightAndOtherRestrictions>
        <imsmd:description>
          <imsmd:string>CC Attribution - http://creativecommons.org/licenses/by/4.0</imsmd:string>
        </imsmd:description>
      </imsmd:rights>
    </imsmd:lom>
  </metadata>
  <organizations/>
  <resources>
    <resource identifier="i41a8811e39d1d617c3988e02344d5895" type="imsqti_xmlv1p2">
      <file href="i41a8811e39d1d617c3988e02344d5895/i41a8811e39d1d617c3988e02344d5895.xml"/>
      <dependency identifierref="ibb8a0772eaecebe55d1f3d6143573c76"/>
    </resource>
    <resource identifier="ibb8a0772eaecebe55d1f3d6143573c76" type="associatedcontent/imscc_xmlv1p1/learning-application-resource" href="i41a8811e39d1d617c3988e02344d5895/assessment_meta.xml">
      <file href="i41a8811e39d1d617c3988e02344d5895/assessment_meta.xml"/>
    </resource>
    <resource identifier="i4487a2b182920cfd2321dfefadfbd22c" type="imsqti_xmlv1p2">
      <file href="i4487a2b182920cfd2321dfefadfbd22c/i4487a2b182920cfd2321dfefadfbd22c.xml"/>
      <dependency identifierref="ibabc6c144a2507bc7520a0ace21bf3fe"/>
    </resource>
    <resource identifier="ibabc6c144a2507bc7520a0ace21bf3fe" type="associatedcontent/imscc_xmlv1p1/learning-application-resource" href="i4487a2b182920cfd2321dfefadfbd22c/assessment_meta.xml">
      <file href="i4487a2b182920cfd2321dfefadfbd22c/assessment_meta.xml"/>
    </resource>
    <resource identifier="i3d406c8dd56126d81119046c5d8d4add" type="imsqti_xmlv1p2">
      <file href="i3d406c8dd56126d81119046c5d8d4add/i3d406c8dd56126d81119046c5d8d4add.xml"/>
      <dependency identifierref="icfa7aedbf01198dedd58fe86cc212e8a"/>
    </resource>
    <resource identifier="icfa7aedbf01198dedd58fe86cc212e8a" type="associatedcontent/imscc_xmlv1p1/learning-application-resource" href="i3d406c8dd56126d81119046c5d8d4add/assessment_meta.xml">
      <file href="i3d406c8dd56126d81119046c5d8d4add/assessment_meta.xml"/>
    </resource>
    <resource identifier="i024859785fa12932bb9882a01917a14b" type="imsqti_xmlv1p2">
      <file href="i024859785fa12932bb9882a01917a14b/i024859785fa12932bb9882a01917a14b.xml"/>
      <dependency identifierref="if3bb76859a73be9862b38cc3fd4bb513"/>
    </resource>
    <resource identifier="if3bb76859a73be9862b38cc3fd4bb513" type="associatedcontent/imscc_xmlv1p1/learning-application-resource" href="i024859785fa12932bb9882a01917a14b/assessment_meta.xml">
      <file href="i024859785fa12932bb9882a01917a14b/assessment_meta.xml"/>
    </resource>
    <resource identifier="i9c629df27a2a0c8399dff82ecde0643f" type="imsqti_xmlv1p2">
      <file href="i9c629df27a2a0c8399dff82ecde0643f/i9c629df27a2a0c8399dff82ecde0643f.xml"/>
      <dependency identifierref="i1e9a446992811fa247cecfd20b90e8d1"/>
    </resource>
    <resource identifier="i1e9a446992811fa247cecfd20b90e8d1" type="associatedcontent/imscc_xmlv1p1/learning-application-resource" href="i9c629df27a2a0c8399dff82ecde0643f/assessment_meta.xml">
      <file href="i9c629df27a2a0c8399dff82ecde0643f/assessment_meta.xml"/>
    </resource>
    <resource identifier="icaa9d2bac5208beffd2433ab26ed5c89" type="imsqti_xmlv1p2">
      <file href="icaa9d2bac5208beffd2433ab26ed5c89/icaa9d2bac5208beffd2433ab26ed5c89.xml"/>
      <dependency identifierref="i2a62e3d60b6e6a85660aeaa956e18753"/>
    </resource>
    <resource identifier="i2a62e3d60b6e6a85660aeaa956e18753" type="associatedcontent/imscc_xmlv1p1/learning-application-resource" href="icaa9d2bac5208beffd2433ab26ed5c89/assessment_meta.xml">
      <file href="icaa9d2bac5208beffd2433ab26ed5c89/assessment_meta.xml"/>
    </resource>
    <resource identifier="ib4410f5eb5e4f328961b0809b070ee58" type="imsqti_xmlv1p2">
      <file href="ib4410f5eb5e4f328961b0809b070ee58/ib4410f5eb5e4f328961b0809b070ee58.xml"/>
      <dependency identifierref="i194ac16ad613f671a19945f41caba20c"/>
    </resource>
    <resource identifier="i194ac16ad613f671a19945f41caba20c" type="associatedcontent/imscc_xmlv1p1/learning-application-resource" href="ib4410f5eb5e4f328961b0809b070ee58/assessment_meta.xml">
      <file href="ib4410f5eb5e4f328961b0809b070ee58/assessment_meta.xml"/>
    </resource>
    <resource identifier="i379b58f71eb8c8b0e638091c7e140227" type="imsqti_xmlv1p2">
      <file href="i379b58f71eb8c8b0e638091c7e140227/i379b58f71eb8c8b0e638091c7e140227.xml"/>
      <dependency identifierref="i8241f4838b4145286ec9da069312140c"/>
    </resource>
    <resource identifier="i8241f4838b4145286ec9da069312140c" type="associatedcontent/imscc_xmlv1p1/learning-application-resource" href="i379b58f71eb8c8b0e638091c7e140227/assessment_meta.xml">
      <file href="i379b58f71eb8c8b0e638091c7e140227/assessment_meta.xml"/>
    </resource>
    <resource identifier="i0ba7629ec04409ee38728339ac150627" type="imsqti_xmlv1p2">
      <file href="i0ba7629ec04409ee38728339ac150627/i0ba7629ec04409ee38728339ac150627.xml"/>
      <dependency identifierref="i758e2bbca8b8cf085f3f6f55f17b37c3"/>
    </resource>
    <resource identifier="i758e2bbca8b8cf085f3f6f55f17b37c3" type="associatedcontent/imscc_xmlv1p1/learning-application-resource" href="i0ba7629ec04409ee38728339ac150627/assessment_meta.xml">
      <file href="i0ba7629ec04409ee38728339ac150627/assessment_meta.xml"/>
    </resource>
    <resource identifier="icc1bd76e202e865b245cbddfdba3a600" type="imsqti_xmlv1p2">
      <file href="icc1bd76e202e865b245cbddfdba3a600/icc1bd76e202e865b245cbddfdba3a600.xml"/>
      <dependency identifierref="i75adf40fe4199747b986d196098f0001"/>
    </resource>
    <resource identifier="i75adf40fe4199747b986d196098f0001" type="associatedcontent/imscc_xmlv1p1/learning-application-resource" href="icc1bd76e202e865b245cbddfdba3a600/assessment_meta.xml">
      <file href="icc1bd76e202e865b245cbddfdba3a600/assessment_meta.xml"/>
    </resource>
    <resource identifier="i4ac25b27529a1aeba068e663f1fa0dc4" type="imsqti_xmlv1p2">
      <file href="i4ac25b27529a1aeba068e663f1fa0dc4/i4ac25b27529a1aeba068e663f1fa0dc4.xml"/>
      <dependency identifierref="i385a181966249016dd6019a5574d1a22"/>
    </resource>
    <resource identifier="i385a181966249016dd6019a5574d1a22" type="associatedcontent/imscc_xmlv1p1/learning-application-resource" href="i4ac25b27529a1aeba068e663f1fa0dc4/assessment_meta.xml">
      <file href="i4ac25b27529a1aeba068e663f1fa0dc4/assessment_meta.xml"/>
    </resource>
    <resource identifier="i748f215f8fc273289165c421cb70d5ce" type="imsqti_xmlv1p2">
      <file href="i748f215f8fc273289165c421cb70d5ce/i748f215f8fc273289165c421cb70d5ce.xml"/>
      <dependency identifierref="iee69c8bdfa0576c55de63b609e7e0d44"/>
    </resource>
    <resource identifier="iee69c8bdfa0576c55de63b609e7e0d44" type="associatedcontent/imscc_xmlv1p1/learning-application-resource" href="i748f215f8fc273289165c421cb70d5ce/assessment_meta.xml">
      <file href="i748f215f8fc273289165c421cb70d5ce/assessment_meta.xml"/>
    </resource>
    <resource identifier="ib139142091b34bdac04ed0da815f6601" type="imsqti_xmlv1p2">
      <file href="ib139142091b34bdac04ed0da815f6601/ib139142091b34bdac04ed0da815f6601.xml"/>
      <dependency identifierref="i43cfb785361910ba33017a07dc5e2f22"/>
    </resource>
    <resource identifier="i43cfb785361910ba33017a07dc5e2f22" type="associatedcontent/imscc_xmlv1p1/learning-application-resource" href="ib139142091b34bdac04ed0da815f6601/assessment_meta.xml">
      <file href="ib139142091b34bdac04ed0da815f6601/assessment_meta.xml"/>
    </resource>
    <resource identifier="i73ee4e73ae6dba7fe0be7f811fecdb85" type="imsqti_xmlv1p2">
      <file href="i73ee4e73ae6dba7fe0be7f811fecdb85/i73ee4e73ae6dba7fe0be7f811fecdb85.xml"/>
      <dependency identifierref="i28830f6e8f634528487651a20e81ad94"/>
    </resource>
    <resource identifier="i28830f6e8f634528487651a20e81ad94" type="associatedcontent/imscc_xmlv1p1/learning-application-resource" href="i73ee4e73ae6dba7fe0be7f811fecdb85/assessment_meta.xml">
      <file href="i73ee4e73ae6dba7fe0be7f811fecdb85/assessment_meta.xml"/>
    </resource>
  </resources>
</manifest>
