<?xml version="1.0" encoding="UTF-8"?>
<quiz identifier="i379b58f71eb8c8b0e638091c7e140227" xmlns="http://canvas.instructure.com/xsd/cccv1p0" xmlns:xsi="http://www.w3.org/2001/XMLSchema-instance" xsi:schemaLocation="http://canvas.instructure.com/xsd/cccv1p0 http://canvas.instructure.com/xsd/cccv1p0.xsd">
  <title>Week 5 Reading &amp; Lecture</title>
  <description>&lt;p&gt;&lt;strong&gt;Please Read:&lt;/strong&gt; Chapter 7 “Arrange Tables”&lt;/p&gt;
&lt;ul&gt;
&lt;li&gt;This is a great chapter, covering the most common visualization idioms like bar charts, scatter plots, and more, putting these into the context of marks and channels, and discussing their strengths and weaknesses.&lt;/li&gt;
&lt;/ul&gt;
&lt;p&gt;&lt;em&gt;If you did get a copy of The Grammar of Graphics&lt;/em&gt;; &lt;strong&gt;Please Read/Skim&lt;/strong&gt;: Chapter 9 "Coordinates"&lt;/p&gt;
&lt;p&gt;&lt;strong&gt;Please Read/Skim&lt;/strong&gt;: &lt;a href="http://byrneslab.net/classes/biol607/readings/wickham_layered-grammar.pdf"&gt;A Layered Grammar of Graphics by Hadley Wickham&lt;/a&gt;&lt;/p&gt;
&lt;ul&gt;
&lt;li&gt;This awesome paper describes a modern and Open Source iteration on the original Grammar of Graphics, which has become the widely used R library &lt;a href="http://ggplot2.org/"&gt;ggplot2&lt;/a&gt;
&lt;/li&gt;
&lt;/ul&gt;
&lt;p&gt;&lt;strong&gt;Please Watch: &lt;/strong&gt;&lt;a class="" href="https://www.youtube.com/watch?v=X8rNDvPNg30"&gt;Amit Kapoor - Visualising Multi Dimensional Data&lt;/a&gt; (35 min, feel free to stop at 28:00 when the Q&amp;amp;A starts)&lt;/p&gt;
&lt;ul&gt;
&lt;li&gt;This excellent talk by Amit Kapoor discusses many topics that overlap with Chapter 7 of VDA, but also touches upon many various directions these techniques can be taken. This talk is heavily influenced by the original "Grammar of Graphics" book, and ggplot2 from R.&lt;/li&gt;
&lt;/ul&gt;</description>
  <due_at>2017-10-12T03:59:59</due_at>
  <shuffle_answers>false</shuffle_answers>
  <scoring_policy>keep_highest</scoring_policy>
  <hide_results></hide_results>
  <quiz_type>assignment</quiz_type>
  <points_possible>10.0</points_possible>
  <require_lockdown_browser>false</require_lockdown_browser>
  <require_lockdown_browser_for_results>false</require_lockdown_browser_for_results>
  <require_lockdown_browser_monitor>false</require_lockdown_browser_monitor>
  <lockdown_browser_monitor_data/>
  <show_correct_answers>true</show_correct_answers>
  <anonymous_submissions>false</anonymous_submissions>
  <could_be_locked>true</could_be_locked>
  <allowed_attempts>1</allowed_attempts>
  <one_question_at_a_time>false</one_question_at_a_time>
  <cant_go_back>false</cant_go_back>
  <available>true</available>
  <one_time_results>false</one_time_results>
  <show_correct_answers_last_attempt>false</show_correct_answers_last_attempt>
  <only_visible_to_overrides>false</only_visible_to_overrides>
  <module_locked>false</module_locked>
  <assignment identifier="i1496da03af95670de574744850b42bf2">
    <title>Week 5 Reading &amp; Lecture</title>
    <due_at>2017-10-12T03:59:59</due_at>
    <lock_at/>
    <unlock_at/>
    <module_locked>false</module_locked>
    <all_day_date>2017-10-11</all_day_date>
    <peer_reviews_due_at>2017-10-12T03:59:59</peer_reviews_due_at>
    <workflow_state>published</workflow_state>
    <assignment_overrides>
    </assignment_overrides>
    <quiz_identifierref>i379b58f71eb8c8b0e638091c7e140227</quiz_identifierref>
    <has_group_category>false</has_group_category>
    <points_possible>10.0</points_possible>
    <grading_type>points</grading_type>
    <all_day>true</all_day>
    <submission_types>online_quiz</submission_types>
    <position>6</position>
    <turnitin_enabled>false</turnitin_enabled>
    <vericite_enabled>false</vericite_enabled>
    <peer_review_count>0</peer_review_count>
    <peer_reviews>false</peer_reviews>
    <automatic_peer_reviews>false</automatic_peer_reviews>
    <moderated_grading>false</moderated_grading>
    <anonymous_peer_reviews>false</anonymous_peer_reviews>
    <grade_group_students_individually>false</grade_group_students_individually>
    <freeze_on_copy>false</freeze_on_copy>
    <muted>false</muted>
    <omit_from_final_grade>false</omit_from_final_grade>
    <intra_group_peer_reviews>false</intra_group_peer_reviews>
    <only_visible_to_overrides>false</only_visible_to_overrides>
  </assignment>
  <assignment_group_identifierref>i600b7a2c8613498f9108119006af891a</assignment_group_identifierref>
  <assignment_overrides>
  </assignment_overrides>
</quiz>
