<?xml version="1.0" encoding="UTF-8"?>
<questestinterop xmlns="http://www.imsglobal.org/xsd/ims_qtiasiv1p2" xmlns:xsi="http://www.w3.org/2001/XMLSchema-instance" xsi:schemaLocation="http://www.imsglobal.org/xsd/ims_qtiasiv1p2 http://www.imsglobal.org/xsd/ims_qtiasiv1p2p1.xsd">
  <assessment ident="i379b58f71eb8c8b0e638091c7e140227" title="Week 5 Reading &amp; Lecture">
    <qtimetadata>
      <qtimetadatafield>
        <fieldlabel>cc_maxattempts</fieldlabel>
        <fieldentry>1</fieldentry>
      </qtimetadatafield>
    </qtimetadata>
    <section ident="root_section">
      <item ident="ia07376cbccebfe147ea87ec0757862cd" title="Scatter Plots">
        <itemmetadata>
          <qtimetadata>
            <qtimetadatafield>
              <fieldlabel>question_type</fieldlabel>
              <fieldentry>multiple_answers_question</fieldentry>
            </qtimetadatafield>
            <qtimetadatafield>
              <fieldlabel>points_possible</fieldlabel>
              <fieldentry>2.0</fieldentry>
            </qtimetadatafield>
            <qtimetadatafield>
              <fieldlabel>assessment_question_identifierref</fieldlabel>
              <fieldentry>id4e45bb3b3607cb8fd6a5116ae4abe57</fieldentry>
            </qtimetadatafield>
          </qtimetadata>
        </itemmetadata>
        <presentation>
          <material>
            <mattext texttype="text/html">&lt;div&gt;&lt;p&gt;What are scatter plots good for?&lt;/p&gt;&lt;/div&gt;</mattext>
          </material>
          <response_lid ident="response1" rcardinality="Multiple">
            <render_choice>
              <response_label ident="9402">
                <material>
                  <mattext texttype="text/plain">Showing correlations</mattext>
                </material>
              </response_label>
              <response_label ident="6667">
                <material>
                  <mattext texttype="text/plain">Showing outliers</mattext>
                </material>
              </response_label>
              <response_label ident="7312">
                <material>
                  <mattext texttype="text/plain">Showing distributions</mattext>
                </material>
              </response_label>
              <response_label ident="9576">
                <material>
                  <mattext texttype="text/plain">Giving an overview</mattext>
                </material>
              </response_label>
              <response_label ident="3149">
                <material>
                  <mattext texttype="text/plain">Comparing absolute quantities</mattext>
                </material>
              </response_label>
              <response_label ident="4806">
                <material>
                  <mattext texttype="text/plain">Looking up and comparing values</mattext>
                </material>
              </response_label>
            </render_choice>
          </response_lid>
        </presentation>
        <resprocessing>
          <outcomes>
            <decvar maxvalue="100" minvalue="0" varname="SCORE" vartype="Decimal"/>
          </outcomes>
          <respcondition continue="No">
            <conditionvar>
              <and>
                <varequal respident="response1">9402</varequal>
                <varequal respident="response1">6667</varequal>
                <varequal respident="response1">7312</varequal>
                <varequal respident="response1">9576</varequal>
                <not>
                  <varequal respident="response1">3149</varequal>
                </not>
                <not>
                  <varequal respident="response1">4806</varequal>
                </not>
              </and>
            </conditionvar>
            <setvar action="Set" varname="SCORE">100</setvar>
          </respcondition>
        </resprocessing>
      </item>
      <item ident="i774288470db56bf38c7852f891011aa9" title="StreamGraphs">
        <itemmetadata>
          <qtimetadata>
            <qtimetadatafield>
              <fieldlabel>question_type</fieldlabel>
              <fieldentry>multiple_choice_question</fieldentry>
            </qtimetadatafield>
            <qtimetadatafield>
              <fieldlabel>points_possible</fieldlabel>
              <fieldentry>2.0</fieldentry>
            </qtimetadatafield>
            <qtimetadatafield>
              <fieldlabel>assessment_question_identifierref</fieldlabel>
              <fieldentry>i19e8d8a10b786a222d93ea9c02ee3121</fieldentry>
            </qtimetadatafield>
          </qtimetadata>
        </itemmetadata>
        <presentation>
          <material>
            <mattext texttype="text/html">&lt;div&gt;&lt;p&gt;What can StreamGraphs show?&lt;/p&gt;&lt;/div&gt;</mattext>
          </material>
          <response_lid ident="response1" rcardinality="Single">
            <render_choice>
              <response_label ident="3043">
                <material>
                  <mattext texttype="text/plain">Multiple stacked quantities over time</mattext>
                </material>
              </response_label>
              <response_label ident="2318">
                <material>
                  <mattext texttype="text/plain">A single quantity over time</mattext>
                </material>
              </response_label>
              <response_label ident="7330">
                <material>
                  <mattext texttype="text/plain">High dimensional data</mattext>
                </material>
              </response_label>
              <response_label ident="445">
                <material>
                  <mattext texttype="text/plain"></mattext>
                </material>
              </response_label>
            </render_choice>
          </response_lid>
        </presentation>
        <resprocessing>
          <outcomes>
            <decvar maxvalue="100" minvalue="0" varname="SCORE" vartype="Decimal"/>
          </outcomes>
          <respcondition continue="No">
            <conditionvar>
              <varequal respident="response1">3043</varequal>
            </conditionvar>
            <setvar action="Set" varname="SCORE">100</setvar>
          </respcondition>
        </resprocessing>
      </item>
      <item ident="i9d24fa60f816a5fdbcb0c066a055ab8c" title="Information Density">
        <itemmetadata>
          <qtimetadata>
            <qtimetadatafield>
              <fieldlabel>question_type</fieldlabel>
              <fieldentry>multiple_choice_question</fieldentry>
            </qtimetadatafield>
            <qtimetadatafield>
              <fieldlabel>points_possible</fieldlabel>
              <fieldentry>2.0</fieldentry>
            </qtimetadatafield>
            <qtimetadatafield>
              <fieldlabel>assessment_question_identifierref</fieldlabel>
              <fieldentry>i0f3ced2580888d16f94b55fd125659f2</fieldentry>
            </qtimetadatafield>
          </qtimetadata>
        </itemmetadata>
        <presentation>
          <material>
            <mattext texttype="text/html">&lt;div&gt;&lt;p&gt;Which has higher information density? (Which can show more values in a smaller space)&lt;/p&gt;&lt;/div&gt;</mattext>
          </material>
          <response_lid ident="response1" rcardinality="Single">
            <render_choice>
              <response_label ident="8964">
                <material>
                  <mattext texttype="text/plain">Bar Chart</mattext>
                </material>
              </response_label>
              <response_label ident="3020">
                <material>
                  <mattext texttype="text/plain">Heatmap</mattext>
                </material>
              </response_label>
              <response_label ident="8041">
                <material>
                  <mattext texttype="text/plain"></mattext>
                </material>
              </response_label>
              <response_label ident="865">
                <material>
                  <mattext texttype="text/plain"></mattext>
                </material>
              </response_label>
            </render_choice>
          </response_lid>
        </presentation>
        <resprocessing>
          <outcomes>
            <decvar maxvalue="100" minvalue="0" varname="SCORE" vartype="Decimal"/>
          </outcomes>
          <respcondition continue="No">
            <conditionvar>
              <varequal respident="response1">3020</varequal>
            </conditionvar>
            <setvar action="Set" varname="SCORE">100</setvar>
          </respcondition>
        </resprocessing>
      </item>
      <item ident="iad3d1732e9049ffcb2518df065973206" title="Polar Area">
        <itemmetadata>
          <qtimetadata>
            <qtimetadatafield>
              <fieldlabel>question_type</fieldlabel>
              <fieldentry>multiple_choice_question</fieldentry>
            </qtimetadatafield>
            <qtimetadatafield>
              <fieldlabel>points_possible</fieldlabel>
              <fieldentry>2.0</fieldentry>
            </qtimetadatafield>
            <qtimetadatafield>
              <fieldlabel>assessment_question_identifierref</fieldlabel>
              <fieldentry>i3e75da03a6dee71e1a8e46abf9da3b01</fieldentry>
            </qtimetadatafield>
          </qtimetadata>
        </itemmetadata>
        <presentation>
          <material>
            <mattext texttype="text/html">&lt;div&gt;&lt;p&gt;Which of these is a synonym for "Polar Area Chart" (a bar chart in polar coordinates)?&lt;/p&gt;&lt;/div&gt;</mattext>
          </material>
          <response_lid ident="response1" rcardinality="Single">
            <render_choice>
              <response_label ident="6064">
                <material>
                  <mattext texttype="text/plain">Coxcomb Plot</mattext>
                </material>
              </response_label>
              <response_label ident="600">
                <material>
                  <mattext texttype="text/plain">Explosion Plot</mattext>
                </material>
              </response_label>
              <response_label ident="3535">
                <material>
                  <mattext texttype="text/plain">Sunburst Chart</mattext>
                </material>
              </response_label>
              <response_label ident="2944">
                <material>
                  <mattext texttype="text/plain">Protrusion Plot</mattext>
                </material>
              </response_label>
            </render_choice>
          </response_lid>
        </presentation>
        <resprocessing>
          <outcomes>
            <decvar maxvalue="100" minvalue="0" varname="SCORE" vartype="Decimal"/>
          </outcomes>
          <respcondition continue="No">
            <conditionvar>
              <varequal respident="response1">6064</varequal>
            </conditionvar>
            <setvar action="Set" varname="SCORE">100</setvar>
          </respcondition>
        </resprocessing>
      </item>
      <item ident="i628afc6528c826b5d9180d5d5fcac4f2" title="GG">
        <itemmetadata>
          <qtimetadata>
            <qtimetadatafield>
              <fieldlabel>question_type</fieldlabel>
              <fieldentry>multiple_choice_question</fieldentry>
            </qtimetadatafield>
            <qtimetadatafield>
              <fieldlabel>points_possible</fieldlabel>
              <fieldentry>2.0</fieldentry>
            </qtimetadatafield>
            <qtimetadatafield>
              <fieldlabel>assessment_question_identifierref</fieldlabel>
              <fieldentry>ibab994777ba4bd6cee0d048d8a9c7780</fieldentry>
            </qtimetadatafield>
          </qtimetadata>
        </itemmetadata>
        <presentation>
          <material>
            <mattext texttype="text/html">&lt;div&gt;&lt;p&gt;What is the point of the "Grammar of Graphics"?&lt;/p&gt;&lt;/div&gt;</mattext>
          </material>
          <response_lid ident="response1" rcardinality="Single">
            <render_choice>
              <response_label ident="2458">
                <material>
                  <mattext texttype="text/plain">To concisely describe the components of a graphic, moving beyond named graphics</mattext>
                </material>
              </response_label>
              <response_label ident="2577">
                <material>
                  <mattext texttype="text/plain">To provide a catalog of named charts like in Excel</mattext>
                </material>
              </response_label>
              <response_label ident="8912">
                <material>
                  <mattext texttype="text/plain"></mattext>
                </material>
              </response_label>
              <response_label ident="8838">
                <material>
                  <mattext texttype="text/plain"></mattext>
                </material>
              </response_label>
            </render_choice>
          </response_lid>
        </presentation>
        <resprocessing>
          <outcomes>
            <decvar maxvalue="100" minvalue="0" varname="SCORE" vartype="Decimal"/>
          </outcomes>
          <respcondition continue="No">
            <conditionvar>
              <varequal respident="response1">2458</varequal>
            </conditionvar>
            <setvar action="Set" varname="SCORE">100</setvar>
          </respcondition>
        </resprocessing>
      </item>
    </section>
  </assessment>
</questestinterop>
