<?xml version="1.0" encoding="UTF-8"?>
<quiz identifier="i024859785fa12932bb9882a01917a14b" xmlns="http://canvas.instructure.com/xsd/cccv1p0" xmlns:xsi="http://www.w3.org/2001/XMLSchema-instance" xsi:schemaLocation="http://canvas.instructure.com/xsd/cccv1p0 http://canvas.instructure.com/xsd/cccv1p0.xsd">
  <title>Week 3 Reading &amp; Lecture</title>
  <description>&lt;p&gt;&lt;strong&gt;Please Read&lt;/strong&gt;&lt;span&gt;: Chapter 5 “Marks and Channels”&lt;/span&gt;&lt;/p&gt;
&lt;ul&gt;
&lt;li&gt;This, to me, is &lt;em&gt;the most interesting and meaningful&lt;/em&gt; topic in data visualization. Please do a detailed reading of this particular chapter.&lt;/li&gt;
&lt;/ul&gt;
&lt;p&gt;&lt;strong&gt;Please Read/Skim:&lt;/strong&gt; &lt;a href="http://www2.parc.com/istl/groups/uir/publications/items/UIR-1986-02-Mackinlay-TOG-Automating.pdf"&gt;Automating the Design of Graphical Presentations of Relational Information by Jock Mackinlay (PDF)&lt;/a&gt;&lt;/p&gt;
&lt;ul&gt;
&lt;li&gt;This seminal paper from 1986 shows a slightly different angle on the Marks and Channels concept, particularly the rankings. Please pay special attention to figures 14 and 15. This work eventually became &lt;a href="https://www.tableau.com/"&gt;Tableau&lt;/a&gt;.&lt;/li&gt;
&lt;/ul&gt;
&lt;p&gt;&lt;strong&gt;If you did get a copy of "Semiology of Graphics"&lt;/strong&gt;&lt;/p&gt;
&lt;ul&gt;
&lt;li&gt;Have a look through Chapter II. "The Properties of the graphic system". I recommend speed-reading this in the first pass, spending a few seconds on each page and taking in all the graphics.&lt;/li&gt;
&lt;/ul&gt;
&lt;p&gt;&lt;strong&gt;Please watch:&lt;/strong&gt;&lt;/p&gt;
&lt;ul&gt;
&lt;li style="font-weight: 400;"&gt;
&lt;a class="" href="https://youtu.be/ZgOF8R6YL2U?t=8m30s"&gt;Tamara Munzner Keynote from 8:30 - 27:24 (19 min)&lt;/a&gt;
&lt;ul&gt;
&lt;li style="font-weight: 400;"&gt;This lecture, which predates the book, uses hand-drawn diagrams and is more influenced by the Semiology of Graphics. I really love this one because it shows her thought process while working on the book.&lt;/li&gt;
&lt;/ul&gt;
&lt;/li&gt;
&lt;li style="font-weight: 400;"&gt;
&lt;a class="" href="https://youtu.be/jVC6SQS23ak?t=33m57s"&gt;Tamara Munzner Lecture from 22:22 - 39:11 (17 min)&lt;/a&gt;
&lt;ul&gt;
&lt;li style="font-weight: 400;"&gt;This segment of lecture is after the book was published, and some of her ideas are more solidified.&lt;/li&gt;
&lt;/ul&gt;
&lt;/li&gt;
&lt;li style="font-weight: 400;"&gt;
&lt;a class="" href="https://youtu.be/14FJU1kP6-M"&gt;Udacity - Visual Encodings (4 min)&lt;/a&gt;
&lt;ul&gt;
&lt;li style="font-weight: 400;"&gt;This short video puts Hans Rosling's work into context of marks and channels.&lt;/li&gt;
&lt;/ul&gt;
&lt;/li&gt;
&lt;/ul&gt;</description>
  <due_at>2017-09-28T03:59:59</due_at>
  <shuffle_answers>false</shuffle_answers>
  <scoring_policy>keep_highest</scoring_policy>
  <hide_results></hide_results>
  <quiz_type>assignment</quiz_type>
  <points_possible>10.0</points_possible>
  <require_lockdown_browser>false</require_lockdown_browser>
  <require_lockdown_browser_for_results>false</require_lockdown_browser_for_results>
  <require_lockdown_browser_monitor>false</require_lockdown_browser_monitor>
  <lockdown_browser_monitor_data/>
  <show_correct_answers>true</show_correct_answers>
  <anonymous_submissions>false</anonymous_submissions>
  <could_be_locked>true</could_be_locked>
  <allowed_attempts>1</allowed_attempts>
  <one_question_at_a_time>false</one_question_at_a_time>
  <cant_go_back>false</cant_go_back>
  <available>true</available>
  <one_time_results>false</one_time_results>
  <show_correct_answers_last_attempt>false</show_correct_answers_last_attempt>
  <only_visible_to_overrides>false</only_visible_to_overrides>
  <module_locked>false</module_locked>
  <assignment identifier="ia892fea151bd8f84e04d835878272846">
    <title>Week 3 Reading &amp; Lecture</title>
    <due_at>2017-09-28T03:59:59</due_at>
    <lock_at/>
    <unlock_at/>
    <module_locked>false</module_locked>
    <all_day_date>2017-09-27</all_day_date>
    <peer_reviews_due_at>2017-09-28T03:59:59</peer_reviews_due_at>
    <workflow_state>published</workflow_state>
    <assignment_overrides>
    </assignment_overrides>
    <quiz_identifierref>i024859785fa12932bb9882a01917a14b</quiz_identifierref>
    <has_group_category>false</has_group_category>
    <points_possible>10.0</points_possible>
    <grading_type>points</grading_type>
    <all_day>true</all_day>
    <submission_types>online_quiz</submission_types>
    <position>3</position>
    <turnitin_enabled>false</turnitin_enabled>
    <vericite_enabled>false</vericite_enabled>
    <peer_review_count>0</peer_review_count>
    <peer_reviews>false</peer_reviews>
    <automatic_peer_reviews>false</automatic_peer_reviews>
    <moderated_grading>false</moderated_grading>
    <anonymous_peer_reviews>false</anonymous_peer_reviews>
    <grade_group_students_individually>false</grade_group_students_individually>
    <freeze_on_copy>false</freeze_on_copy>
    <muted>false</muted>
    <omit_from_final_grade>false</omit_from_final_grade>
    <intra_group_peer_reviews>false</intra_group_peer_reviews>
    <only_visible_to_overrides>false</only_visible_to_overrides>
  </assignment>
  <assignment_group_identifierref>i600b7a2c8613498f9108119006af891a</assignment_group_identifierref>
  <assignment_overrides>
  </assignment_overrides>
</quiz>
